Licenta Windows95 generata.,2025-05-31 16:15:19
Licenta Windows NT generata.,2025-05-31 16:15:19
Licenta SimCity 2000 generata.,2025-05-31 16:15:19
Licenta Photoshop 6 generata.,2025-05-31 16:15:19
Numar random generat cu lcg.,2025-05-31 16:15:19
Numar random generat cu Mersenne.,2025-05-31 16:15:19
Numar random generat cu lcg.,2025-05-31 16:15:19
Numar random generat cu Mersenne.,2025-05-31 16:15:19
Numar random generat cu lcg.,2025-05-31 16:15:19
Numar random generat cu Mersenne.,2025-05-31 16:15:19
Numar random generat cu lcg.,2025-05-31 16:15:19
Numar random generat cu Mersenne.,2025-05-31 16:15:19
Numar random generat cu lcg.,2025-05-31 16:15:19
Numar random generat cu Mersenne.,2025-05-31 16:15:19
Licenta Windows95 generata.,2025-06-01 21:53:50
Licenta Windows NT generata.,2025-06-01 21:53:50
Licenta SimCity 2000 generata.,2025-06-01 21:53:50
Licenta Photoshop 6 generata.,2025-06-01 21:53:50
Numar random generat cu lcg.,2025-06-01 21:53:50
Numar random generat cu Mersenne.,2025-06-01 21:53:50
Numar random generat cu lcg.,2025-06-01 21:53:50
Numar random generat cu Mersenne.,2025-06-01 21:53:50
Numar random generat cu lcg.,2025-06-01 21:53:50
Numar random generat cu Mersenne.,2025-06-01 21:53:50
Numar random generat cu lcg.,2025-06-01 21:53:50
Numar random generat cu Mersenne.,2025-06-01 21:53:50
Numar random generat cu lcg.,2025-06-01 21:53:50
Numar random generat cu Mersenne.,2025-06-01 21:53:50
Licenta Windows95 generata.,2025-06-02 00:34:38
Licenta Windows NT generata.,2025-06-02 00:34:38
Licenta SimCity 2000 generata.,2025-06-02 00:34:38
Licenta Photoshop 6 generata.,2025-06-02 00:34:38
Numar random generat cu lcg.,2025-06-02 00:34:38
Numar random generat cu Mersenne.,2025-06-02 00:34:38
Numar random generat cu lcg.,2025-06-02 00:34:38
Numar random generat cu Mersenne.,2025-06-02 00:34:38
Numar random generat cu lcg.,2025-06-02 00:34:38
Numar random generat cu Mersenne.,2025-06-02 00:34:38
Numar random generat cu lcg.,2025-06-02 00:34:38
Numar random generat cu Mersenne.,2025-06-02 00:34:38
Numar random generat cu lcg.,2025-06-02 00:34:38
Numar random generat cu Mersenne.,2025-06-02 00:34:38
Licenta Windows95 generata.,2025-06-02 00:36:51
Licenta Windows NT generata.,2025-06-02 00:36:51
Licenta SimCity 2000 generata.,2025-06-02 00:36:51
Licenta Photoshop 6 generata.,2025-06-02 00:36:51
Numar random generat cu lcg.,2025-06-02 00:36:51
Numar random generat cu Mersenne.,2025-06-02 00:36:51
Numar random generat cu lcg.,2025-06-02 00:36:51
Numar random generat cu Mersenne.,2025-06-02 00:36:51
Numar random generat cu lcg.,2025-06-02 00:36:51
Numar random generat cu Mersenne.,2025-06-02 00:36:51
Numar random generat cu lcg.,2025-06-02 00:36:51
Numar random generat cu Mersenne.,2025-06-02 00:36:51
Numar random generat cu lcg.,2025-06-02 00:36:51
Numar random generat cu Mersenne.,2025-06-02 00:36:51
Licenta Windows95 generata.,2025-06-02 00:37:50
Licenta Windows NT generata.,2025-06-02 00:37:50
Licenta SimCity 2000 generata.,2025-06-02 00:37:50
Licenta Photoshop 6 generata.,2025-06-02 00:37:50
Numar random generat cu lcg.,2025-06-02 00:37:50
Numar random generat cu Mersenne.,2025-06-02 00:37:50
Numar random generat cu lcg.,2025-06-02 00:37:50
Numar random generat cu Mersenne.,2025-06-02 00:37:50
Numar random generat cu lcg.,2025-06-02 00:37:50
Numar random generat cu Mersenne.,2025-06-02 00:37:50
Numar random generat cu lcg.,2025-06-02 00:37:50
Numar random generat cu Mersenne.,2025-06-02 00:37:50
Numar random generat cu lcg.,2025-06-02 00:37:50
Numar random generat cu Mersenne.,2025-06-02 00:37:50
Licenta Windows95 generata.,2025-06-02 00:40:13
Licenta Windows NT generata.,2025-06-02 00:40:13
Licenta SimCity 2000 generata.,2025-06-02 00:40:13
Licenta Photoshop 6 generata.,2025-06-02 00:40:13
Numar random generat cu lcg.,2025-06-02 00:40:13
Numar random generat cu Mersenne.,2025-06-02 00:40:13
Numar random generat cu lcg.,2025-06-02 00:40:13
Numar random generat cu Mersenne.,2025-06-02 00:40:13
Numar random generat cu lcg.,2025-06-02 00:40:13
Numar random generat cu Mersenne.,2025-06-02 00:40:13
Numar random generat cu lcg.,2025-06-02 00:40:13
Numar random generat cu Mersenne.,2025-06-02 00:40:13
Numar random generat cu lcg.,2025-06-02 00:40:13
Numar random generat cu Mersenne.,2025-06-02 00:40:13
Licenta Windows95 generata.,2025-06-02 00:44:42
Licenta Windows NT generata.,2025-06-02 00:44:42
Licenta SimCity 2000 generata.,2025-06-02 00:44:42
Licenta Photoshop 6 generata.,2025-06-02 00:44:42
Numar random generat cu lcg.,2025-06-02 00:44:42
Numar random generat cu Mersenne.,2025-06-02 00:44:42
Numar random generat cu lcg.,2025-06-02 00:44:42
Numar random generat cu Mersenne.,2025-06-02 00:44:42
Numar random generat cu lcg.,2025-06-02 00:44:42
Numar random generat cu Mersenne.,2025-06-02 00:44:42
Numar random generat cu lcg.,2025-06-02 00:44:42
Numar random generat cu Mersenne.,2025-06-02 00:44:42
Numar random generat cu lcg.,2025-06-02 00:44:42
Numar random generat cu Mersenne.,2025-06-02 00:44:42
Licenta Windows95 generata.,2025-06-02 00:44:54
Licenta Windows NT generata.,2025-06-02 00:44:54
Licenta SimCity 2000 generata.,2025-06-02 00:44:54
Licenta Photoshop 6 generata.,2025-06-02 00:44:54
Numar random generat cu lcg.,2025-06-02 00:44:54
Numar random generat cu Mersenne.,2025-06-02 00:44:54
Numar random generat cu lcg.,2025-06-02 00:44:54
Numar random generat cu Mersenne.,2025-06-02 00:44:54
Numar random generat cu lcg.,2025-06-02 00:44:54
Numar random generat cu Mersenne.,2025-06-02 00:44:54
Numar random generat cu lcg.,2025-06-02 00:44:54
Numar random generat cu Mersenne.,2025-06-02 00:44:54
Numar random generat cu lcg.,2025-06-02 00:44:54
Numar random generat cu Mersenne.,2025-06-02 00:44:54
Licenta Windows95 generata.,2025-06-02 00:46:02
Licenta Windows NT generata.,2025-06-02 00:46:02
Licenta SimCity 2000 generata.,2025-06-02 00:46:02
Licenta Photoshop 6 generata.,2025-06-02 00:46:02
Numar random generat cu lcg.,2025-06-02 00:46:02
Numar random generat cu Mersenne.,2025-06-02 00:46:02
Numar random generat cu lcg.,2025-06-02 00:46:02
Numar random generat cu Mersenne.,2025-06-02 00:46:02
Numar random generat cu lcg.,2025-06-02 00:46:02
Numar random generat cu Mersenne.,2025-06-02 00:46:02
Numar random generat cu lcg.,2025-06-02 00:46:02
Numar random generat cu Mersenne.,2025-06-02 00:46:02
Numar random generat cu lcg.,2025-06-02 00:46:02
Numar random generat cu Mersenne.,2025-06-02 00:46:02
Licenta Windows95 generata.,2025-06-02 00:46:35
Licenta Windows NT generata.,2025-06-02 00:46:35
Licenta SimCity 2000 generata.,2025-06-02 00:46:35
Licenta Photoshop 6 generata.,2025-06-02 00:46:35
Numar random generat cu lcg.,2025-06-02 00:46:35
Numar random generat cu Mersenne.,2025-06-02 00:46:35
Numar random generat cu lcg.,2025-06-02 00:46:35
Numar random generat cu Mersenne.,2025-06-02 00:46:35
Numar random generat cu lcg.,2025-06-02 00:46:35
Numar random generat cu Mersenne.,2025-06-02 00:46:35
Numar random generat cu lcg.,2025-06-02 00:46:35
Numar random generat cu Mersenne.,2025-06-02 00:46:35
Numar random generat cu lcg.,2025-06-02 00:46:35
Numar random generat cu Mersenne.,2025-06-02 00:46:35
Licenta Windows95 generata.,2025-06-02 00:47:09
Licenta Windows NT generata.,2025-06-02 00:47:09
Licenta SimCity 2000 generata.,2025-06-02 00:47:09
Licenta Photoshop 6 generata.,2025-06-02 00:47:09
Numar random generat cu lcg.,2025-06-02 00:47:09
Numar random generat cu Mersenne.,2025-06-02 00:47:09
Numar random generat cu lcg.,2025-06-02 00:47:09
Numar random generat cu Mersenne.,2025-06-02 00:47:09
Numar random generat cu lcg.,2025-06-02 00:47:09
Numar random generat cu Mersenne.,2025-06-02 00:47:09
Numar random generat cu lcg.,2025-06-02 00:47:09
Numar random generat cu Mersenne.,2025-06-02 00:47:09
Numar random generat cu lcg.,2025-06-02 00:47:09
Numar random generat cu Mersenne.,2025-06-02 00:47:09
Licenta Windows95 generata.,2025-06-02 00:51:43
Licenta Windows NT generata.,2025-06-02 00:51:43
Licenta SimCity 2000 generata.,2025-06-02 00:51:43
Licenta Photoshop 6 generata.,2025-06-02 00:51:43
Numar random generat cu lcg.,2025-06-02 00:51:43
Numar random generat cu Mersenne.,2025-06-02 00:51:43
Numar random generat cu lcg.,2025-06-02 00:51:43
Numar random generat cu Mersenne.,2025-06-02 00:51:43
Numar random generat cu lcg.,2025-06-02 00:51:43
Numar random generat cu Mersenne.,2025-06-02 00:51:43
Numar random generat cu lcg.,2025-06-02 00:51:43
Numar random generat cu Mersenne.,2025-06-02 00:51:43
Numar random generat cu lcg.,2025-06-02 00:51:43
Numar random generat cu Mersenne.,2025-06-02 00:51:43
Licenta Windows95 generata.,2025-06-02 00:53:22
Licenta Windows NT generata.,2025-06-02 00:53:22
Licenta SimCity 2000 generata.,2025-06-02 00:53:22
Licenta Photoshop 6 generata.,2025-06-02 00:53:22
Numar random generat cu lcg.,2025-06-02 00:53:22
Numar random generat cu Mersenne.,2025-06-02 00:53:22
Numar random generat cu lcg.,2025-06-02 00:53:22
Numar random generat cu Mersenne.,2025-06-02 00:53:22
Numar random generat cu lcg.,2025-06-02 00:53:22
Numar random generat cu Mersenne.,2025-06-02 00:53:22
Numar random generat cu lcg.,2025-06-02 00:53:22
Numar random generat cu Mersenne.,2025-06-02 00:53:22
Numar random generat cu lcg.,2025-06-02 00:53:22
Numar random generat cu Mersenne.,2025-06-02 00:53:22
Licenta Windows95 generata.,2025-06-02 00:54:03
Licenta Windows NT generata.,2025-06-02 00:54:03
Licenta SimCity 2000 generata.,2025-06-02 00:54:03
Licenta Photoshop 6 generata.,2025-06-02 00:54:03
Numar random generat cu lcg.,2025-06-02 00:54:03
Numar random generat cu Mersenne.,2025-06-02 00:54:03
Numar random generat cu lcg.,2025-06-02 00:54:03
Numar random generat cu Mersenne.,2025-06-02 00:54:03
Numar random generat cu lcg.,2025-06-02 00:54:03
Numar random generat cu Mersenne.,2025-06-02 00:54:03
Numar random generat cu lcg.,2025-06-02 00:54:03
Numar random generat cu Mersenne.,2025-06-02 00:54:03
Numar random generat cu lcg.,2025-06-02 00:54:03
Numar random generat cu Mersenne.,2025-06-02 00:54:03
Licenta Windows95 generata.,2025-06-02 00:54:41
Licenta Windows NT generata.,2025-06-02 00:54:41
Licenta SimCity 2000 generata.,2025-06-02 00:54:41
Licenta Photoshop 6 generata.,2025-06-02 00:54:41
Numar random generat cu lcg.,2025-06-02 00:54:41
Numar random generat cu Mersenne.,2025-06-02 00:54:41
Numar random generat cu lcg.,2025-06-02 00:54:41
Numar random generat cu Mersenne.,2025-06-02 00:54:41
Numar random generat cu lcg.,2025-06-02 00:54:41
Numar random generat cu Mersenne.,2025-06-02 00:54:41
Numar random generat cu lcg.,2025-06-02 00:54:41
Numar random generat cu Mersenne.,2025-06-02 00:54:41
Numar random generat cu lcg.,2025-06-02 00:54:41
Numar random generat cu Mersenne.,2025-06-02 00:54:41
Licenta Windows95 generata.,2025-06-02 01:09:11
Licenta Windows NT generata.,2025-06-02 01:09:11
Licenta SimCity 2000 generata.,2025-06-02 01:09:11
Licenta Photoshop 6 generata.,2025-06-02 01:09:11
Numar random generat cu lcg.,2025-06-02 01:09:11
Numar random generat cu Mersenne.,2025-06-02 01:09:11
Numar random generat cu lcg.,2025-06-02 01:09:11
Numar random generat cu Mersenne.,2025-06-02 01:09:11
Numar random generat cu lcg.,2025-06-02 01:09:11
Numar random generat cu Mersenne.,2025-06-02 01:09:11
Numar random generat cu lcg.,2025-06-02 01:09:11
Numar random generat cu Mersenne.,2025-06-02 01:09:11
Numar random generat cu lcg.,2025-06-02 01:09:11
Numar random generat cu Mersenne.,2025-06-02 01:09:11
Licenta Windows95 generata.,2025-06-02 01:09:37
Licenta Windows NT generata.,2025-06-02 01:09:37
Licenta SimCity 2000 generata.,2025-06-02 01:09:37
Licenta Photoshop 6 generata.,2025-06-02 01:09:37
Numar random generat cu lcg.,2025-06-02 01:09:37
Numar random generat cu Mersenne.,2025-06-02 01:09:37
Numar random generat cu lcg.,2025-06-02 01:09:37
Numar random generat cu Mersenne.,2025-06-02 01:09:37
Numar random generat cu lcg.,2025-06-02 01:09:37
Numar random generat cu Mersenne.,2025-06-02 01:09:37
Numar random generat cu lcg.,2025-06-02 01:09:37
Numar random generat cu Mersenne.,2025-06-02 01:09:37
Numar random generat cu lcg.,2025-06-02 01:09:37
Numar random generat cu Mersenne.,2025-06-02 01:09:37
Licenta Windows95 generata.,2025-06-02 01:11:29
Licenta Windows NT generata.,2025-06-02 01:11:29
Licenta SimCity 2000 generata.,2025-06-02 01:11:29
Licenta Photoshop 6 generata.,2025-06-02 01:11:29
Numar random generat cu lcg.,2025-06-02 01:11:29
Numar random generat cu Mersenne.,2025-06-02 01:11:29
Numar random generat cu lcg.,2025-06-02 01:11:29
Numar random generat cu Mersenne.,2025-06-02 01:11:29
Numar random generat cu lcg.,2025-06-02 01:11:29
Numar random generat cu Mersenne.,2025-06-02 01:11:29
Numar random generat cu lcg.,2025-06-02 01:11:29
Numar random generat cu Mersenne.,2025-06-02 01:11:29
Numar random generat cu lcg.,2025-06-02 01:11:29
Numar random generat cu Mersenne.,2025-06-02 01:11:29
Licenta Windows95 generata.,2025-06-02 01:17:58
Licenta Windows NT generata.,2025-06-02 01:17:58
Licenta SimCity 2000 generata.,2025-06-02 01:17:58
Licenta Photoshop 6 generata.,2025-06-02 01:17:58
Numar random generat cu lcg.,2025-06-02 01:17:58
Numar random generat cu Mersenne.,2025-06-02 01:17:58
Numar random generat cu lcg.,2025-06-02 01:17:58
Numar random generat cu Mersenne.,2025-06-02 01:17:58
Numar random generat cu lcg.,2025-06-02 01:17:58
Numar random generat cu Mersenne.,2025-06-02 01:17:58
Numar random generat cu lcg.,2025-06-02 01:17:58
Numar random generat cu Mersenne.,2025-06-02 01:17:58
Numar random generat cu lcg.,2025-06-02 01:17:58
Numar random generat cu Mersenne.,2025-06-02 01:17:58
Licenta Windows95 generata.,2025-06-02 01:18:27
Licenta Windows NT generata.,2025-06-02 01:18:27
Licenta SimCity 2000 generata.,2025-06-02 01:18:27
Licenta Photoshop 6 generata.,2025-06-02 01:18:27
Numar random generat cu lcg.,2025-06-02 01:18:27
Numar random generat cu Mersenne.,2025-06-02 01:18:27
Numar random generat cu lcg.,2025-06-02 01:18:27
Numar random generat cu Mersenne.,2025-06-02 01:18:27
Numar random generat cu lcg.,2025-06-02 01:18:27
Numar random generat cu Mersenne.,2025-06-02 01:18:27
Numar random generat cu lcg.,2025-06-02 01:18:27
Numar random generat cu Mersenne.,2025-06-02 01:18:27
Numar random generat cu lcg.,2025-06-02 01:18:27
Numar random generat cu Mersenne.,2025-06-02 01:18:27
Licenta Windows95 generata.,2025-06-02 01:20:09
Licenta Windows NT generata.,2025-06-02 01:20:09
Licenta SimCity 2000 generata.,2025-06-02 01:20:09
Licenta Photoshop 6 generata.,2025-06-02 01:20:09
Numar random generat cu lcg.,2025-06-02 01:20:09
Numar random generat cu Mersenne.,2025-06-02 01:20:09
Numar random generat cu lcg.,2025-06-02 01:20:09
Numar random generat cu Mersenne.,2025-06-02 01:20:09
Numar random generat cu lcg.,2025-06-02 01:20:09
Numar random generat cu Mersenne.,2025-06-02 01:20:09
Numar random generat cu lcg.,2025-06-02 01:20:09
Numar random generat cu Mersenne.,2025-06-02 01:20:09
Numar random generat cu lcg.,2025-06-02 01:20:09
Numar random generat cu Mersenne.,2025-06-02 01:20:09
Licenta Windows95 generata.,2025-06-02 01:20:37
Licenta Windows NT generata.,2025-06-02 01:20:37
Licenta SimCity 2000 generata.,2025-06-02 01:20:37
Licenta Photoshop 6 generata.,2025-06-02 01:20:37
Numar random generat cu lcg.,2025-06-02 01:20:37
Numar random generat cu Mersenne.,2025-06-02 01:20:37
Numar random generat cu lcg.,2025-06-02 01:20:37
Numar random generat cu Mersenne.,2025-06-02 01:20:37
Numar random generat cu lcg.,2025-06-02 01:20:37
Numar random generat cu Mersenne.,2025-06-02 01:20:37
Numar random generat cu lcg.,2025-06-02 01:20:37
Numar random generat cu Mersenne.,2025-06-02 01:20:37
Numar random generat cu lcg.,2025-06-02 01:20:37
Numar random generat cu Mersenne.,2025-06-02 01:20:37
Licenta Windows95 generata.,2025-06-02 01:25:29
Licenta Windows NT generata.,2025-06-02 01:25:29
Licenta SimCity 2000 generata.,2025-06-02 01:25:29
Licenta Photoshop 6 generata.,2025-06-02 01:25:29
Numar random generat cu lcg.,2025-06-02 01:25:29
Numar random generat cu Mersenne.,2025-06-02 01:25:29
Numar random generat cu lcg.,2025-06-02 01:25:29
Numar random generat cu Mersenne.,2025-06-02 01:25:29
Numar random generat cu lcg.,2025-06-02 01:25:29
Numar random generat cu Mersenne.,2025-06-02 01:25:29
Numar random generat cu lcg.,2025-06-02 01:25:29
Numar random generat cu Mersenne.,2025-06-02 01:25:29
Numar random generat cu lcg.,2025-06-02 01:25:29
Numar random generat cu Mersenne.,2025-06-02 01:25:29
Licenta Windows95 generata.,2025-06-02 01:35:26
Licenta Windows NT generata.,2025-06-02 01:35:26
Licenta SimCity 2000 generata.,2025-06-02 01:35:26
Licenta Photoshop 6 generata.,2025-06-02 01:35:26
Numar random generat cu lcg.,2025-06-02 01:35:26
Numar random generat cu Mersenne.,2025-06-02 01:35:26
Numar random generat cu lcg.,2025-06-02 01:35:26
Numar random generat cu Mersenne.,2025-06-02 01:35:26
Numar random generat cu lcg.,2025-06-02 01:35:26
Numar random generat cu Mersenne.,2025-06-02 01:35:26
Numar random generat cu lcg.,2025-06-02 01:35:26
Numar random generat cu Mersenne.,2025-06-02 01:35:26
Numar random generat cu lcg.,2025-06-02 01:35:26
Numar random generat cu Mersenne.,2025-06-02 01:35:26
Licenta Windows95 generata.,2025-06-02 01:37:33
Licenta Windows NT generata.,2025-06-02 01:37:33
Licenta SimCity 2000 generata.,2025-06-02 01:37:33
Licenta Photoshop 6 generata.,2025-06-02 01:37:33
Numar random generat cu lcg.,2025-06-02 01:37:33
Numar random generat cu Mersenne.,2025-06-02 01:37:33
Numar random generat cu lcg.,2025-06-02 01:37:33
Numar random generat cu Mersenne.,2025-06-02 01:37:33
Numar random generat cu lcg.,2025-06-02 01:37:33
Numar random generat cu Mersenne.,2025-06-02 01:37:33
Numar random generat cu lcg.,2025-06-02 01:37:33
Numar random generat cu Mersenne.,2025-06-02 01:37:33
Numar random generat cu lcg.,2025-06-02 01:37:33
Numar random generat cu Mersenne.,2025-06-02 01:37:33
Licenta Windows95 generata.,2025-06-02 01:43:19
Licenta Windows NT generata.,2025-06-02 01:43:19
Licenta SimCity 2000 generata.,2025-06-02 01:43:19
Licenta Photoshop 6 generata.,2025-06-02 01:43:19
Numar random generat cu lcg.,2025-06-02 01:43:19
Numar random generat cu Mersenne.,2025-06-02 01:43:19
Numar random generat cu lcg.,2025-06-02 01:43:19
Numar random generat cu Mersenne.,2025-06-02 01:43:19
Numar random generat cu lcg.,2025-06-02 01:43:19
Numar random generat cu Mersenne.,2025-06-02 01:43:19
Numar random generat cu lcg.,2025-06-02 01:43:19
Numar random generat cu Mersenne.,2025-06-02 01:43:19
Numar random generat cu lcg.,2025-06-02 01:43:19
Numar random generat cu Mersenne.,2025-06-02 01:43:19
Licenta Windows95 generata.,2025-06-02 02:19:31
Licenta Windows NT generata.,2025-06-02 02:19:31
Licenta SimCity 2000 generata.,2025-06-02 02:19:31
Licenta Photoshop 6 generata.,2025-06-02 02:19:31
Numar random generat cu lcg.,2025-06-02 02:19:31
Numar random generat cu Mersenne.,2025-06-02 02:19:31
Numar random generat cu lcg.,2025-06-02 02:19:31
Numar random generat cu Mersenne.,2025-06-02 02:19:31
Numar random generat cu lcg.,2025-06-02 02:19:31
Numar random generat cu Mersenne.,2025-06-02 02:19:31
Numar random generat cu lcg.,2025-06-02 02:19:31
Numar random generat cu Mersenne.,2025-06-02 02:19:31
Numar random generat cu lcg.,2025-06-02 02:19:31
Numar random generat cu Mersenne.,2025-06-02 02:19:31
Licenta Windows95 generata.,2025-06-02 02:19:42
Licenta Windows NT generata.,2025-06-02 02:19:42
Licenta SimCity 2000 generata.,2025-06-02 02:19:42
Licenta Photoshop 6 generata.,2025-06-02 02:19:42
Numar random generat cu lcg.,2025-06-02 02:19:42
Numar random generat cu Mersenne.,2025-06-02 02:19:42
Numar random generat cu lcg.,2025-06-02 02:19:42
Numar random generat cu Mersenne.,2025-06-02 02:19:42
Numar random generat cu lcg.,2025-06-02 02:19:42
Numar random generat cu Mersenne.,2025-06-02 02:19:42
Numar random generat cu lcg.,2025-06-02 02:19:42
Numar random generat cu Mersenne.,2025-06-02 02:19:42
Numar random generat cu lcg.,2025-06-02 02:19:42
Numar random generat cu Mersenne.,2025-06-02 02:19:42
Licenta Windows95 generata.,2025-06-02 02:23:47
Licenta Windows NT generata.,2025-06-02 02:23:47
Licenta SimCity 2000 generata.,2025-06-02 02:23:47
Licenta Photoshop 6 generata.,2025-06-02 02:23:47
Numar random generat cu lcg.,2025-06-02 02:23:47
Numar random generat cu Mersenne.,2025-06-02 02:23:47
Numar random generat cu lcg.,2025-06-02 02:23:47
Numar random generat cu Mersenne.,2025-06-02 02:23:47
Numar random generat cu lcg.,2025-06-02 02:23:47
Numar random generat cu Mersenne.,2025-06-02 02:23:47
Numar random generat cu lcg.,2025-06-02 02:23:47
Numar random generat cu Mersenne.,2025-06-02 02:23:47
Numar random generat cu lcg.,2025-06-02 02:23:47
Numar random generat cu Mersenne.,2025-06-02 02:23:47
Licenta Windows95 generata.,2025-06-02 02:24:28
Licenta Windows NT generata.,2025-06-02 02:24:28
Licenta SimCity 2000 generata.,2025-06-02 02:24:28
Licenta Photoshop 6 generata.,2025-06-02 02:24:28
Numar random generat cu lcg.,2025-06-02 02:24:28
Numar random generat cu Mersenne.,2025-06-02 02:24:28
Numar random generat cu lcg.,2025-06-02 02:24:28
Numar random generat cu Mersenne.,2025-06-02 02:24:28
Numar random generat cu lcg.,2025-06-02 02:24:28
Numar random generat cu Mersenne.,2025-06-02 02:24:28
Numar random generat cu lcg.,2025-06-02 02:24:28
Numar random generat cu Mersenne.,2025-06-02 02:24:28
Numar random generat cu lcg.,2025-06-02 02:24:28
Numar random generat cu Mersenne.,2025-06-02 02:24:28
Licenta Windows95 generata.,2025-06-02 02:25:05
Licenta Windows NT generata.,2025-06-02 02:25:05
Licenta SimCity 2000 generata.,2025-06-02 02:25:05
Licenta Photoshop 6 generata.,2025-06-02 02:25:05
Numar random generat cu lcg.,2025-06-02 02:25:05
Numar random generat cu Mersenne.,2025-06-02 02:25:05
Numar random generat cu lcg.,2025-06-02 02:25:05
Numar random generat cu Mersenne.,2025-06-02 02:25:05
Numar random generat cu lcg.,2025-06-02 02:25:05
Numar random generat cu Mersenne.,2025-06-02 02:25:05
Numar random generat cu lcg.,2025-06-02 02:25:05
Numar random generat cu Mersenne.,2025-06-02 02:25:05
Numar random generat cu lcg.,2025-06-02 02:25:05
Numar random generat cu Mersenne.,2025-06-02 02:25:05
Licenta Windows95 generata.,2025-06-02 02:26:36
Licenta Windows NT generata.,2025-06-02 02:26:36
Licenta SimCity 2000 generata.,2025-06-02 02:26:36
Licenta Photoshop 6 generata.,2025-06-02 02:26:36
Numar random generat cu lcg.,2025-06-02 02:26:36
Numar random generat cu Mersenne.,2025-06-02 02:26:36
Numar random generat cu lcg.,2025-06-02 02:26:36
Numar random generat cu Mersenne.,2025-06-02 02:26:36
Numar random generat cu lcg.,2025-06-02 02:26:36
Numar random generat cu Mersenne.,2025-06-02 02:26:36
Numar random generat cu lcg.,2025-06-02 02:26:36
Numar random generat cu Mersenne.,2025-06-02 02:26:36
Numar random generat cu lcg.,2025-06-02 02:26:36
Numar random generat cu Mersenne.,2025-06-02 02:26:36
Licenta Windows95 generata.,2025-06-02 02:27:16
Licenta Windows NT generata.,2025-06-02 02:27:16
Licenta SimCity 2000 generata.,2025-06-02 02:27:16
Licenta Photoshop 6 generata.,2025-06-02 02:27:16
Licenta Windows95 generata.,2025-06-02 02:35:41
Licenta Windows NT generata.,2025-06-02 02:35:41
Licenta SimCity 2000 generata.,2025-06-02 02:35:41
Licenta Photoshop 6 generata.,2025-06-02 02:35:41
Licenta Windows95 generata.,2025-06-02 02:52:05
Licenta Windows NT generata.,2025-06-02 02:52:05
Licenta SimCity 2000 generata.,2025-06-02 02:52:05
Licenta Photoshop 6 generata.,2025-06-02 02:52:05
Licenta Windows95 generata.,2025-06-02 02:52:28
Licenta Windows NT generata.,2025-06-02 02:52:28
Licenta SimCity 2000 generata.,2025-06-02 02:52:28
Licenta Photoshop 6 generata.,2025-06-02 02:52:28
Licenta Windows95 generata.,2025-06-02 02:52:35
Licenta Windows NT generata.,2025-06-02 02:52:35
Licenta SimCity 2000 generata.,2025-06-02 02:52:35
Licenta Photoshop 6 generata.,2025-06-02 02:52:35
Licenta Windows95 generata.,2025-06-02 03:20:40
Licenta Windows NT generata.,2025-06-02 03:20:40
Licenta SimCity 2000 generata.,2025-06-02 03:20:40
Licenta Photoshop 6 generata.,2025-06-02 03:20:40
Licenta Windows95 generata.,2025-06-02 03:20:49
Licenta Windows NT generata.,2025-06-02 03:20:49
Licenta SimCity 2000 generata.,2025-06-02 03:20:49
Licenta Photoshop 6 generata.,2025-06-02 03:20:49
Licenta Windows95 generata.,2025-06-02 03:28:20
Licenta Windows NT generata.,2025-06-02 03:28:20
Licenta SimCity 2000 generata.,2025-06-02 03:28:20
Licenta Photoshop 6 generata.,2025-06-02 03:28:20
Licenta Windows95 generata.,2025-06-03 01:23:03
Licenta Windows NT generata.,2025-06-03 01:23:03
Licenta SimCity 2000 generata.,2025-06-03 01:23:03
Licenta Photoshop 6 generata.,2025-06-03 01:23:03
Numar random generat cu lcg.,2025-06-03 01:23:03
Numar random generat cu Mersenne.,2025-06-03 01:23:03
Numar random generat cu lcg.,2025-06-03 01:23:03
Numar random generat cu Mersenne.,2025-06-03 01:23:03
Numar random generat cu lcg.,2025-06-03 01:23:03
Numar random generat cu Mersenne.,2025-06-03 01:23:03
Numar random generat cu lcg.,2025-06-03 01:23:03
Numar random generat cu Mersenne.,2025-06-03 01:23:03
Numar random generat cu lcg.,2025-06-03 01:23:03
Numar random generat cu Mersenne.,2025-06-03 01:23:03
Licenta Windows95 generata.,2025-06-03 01:23:38
Licenta Windows NT generata.,2025-06-03 01:23:38
Licenta SimCity 2000 generata.,2025-06-03 01:23:38
Licenta Photoshop 6 generata.,2025-06-03 01:23:38
Numar random generat cu lcg.,2025-06-03 01:23:38
Numar random generat cu Mersenne.,2025-06-03 01:23:38
Numar random generat cu lcg.,2025-06-03 01:23:38
Numar random generat cu Mersenne.,2025-06-03 01:23:38
Numar random generat cu lcg.,2025-06-03 01:23:38
Numar random generat cu Mersenne.,2025-06-03 01:23:38
Numar random generat cu lcg.,2025-06-03 01:23:38
Numar random generat cu Mersenne.,2025-06-03 01:23:38
Numar random generat cu lcg.,2025-06-03 01:23:38
Numar random generat cu Mersenne.,2025-06-03 01:23:38
Licenta Windows95 generata.,2025-06-03 01:23:57
Licenta Windows NT generata.,2025-06-03 01:23:57
Licenta SimCity 2000 generata.,2025-06-03 01:23:57
Licenta Photoshop 6 generata.,2025-06-03 01:23:57
Numar random generat cu lcg.,2025-06-03 01:23:57
Numar random generat cu Mersenne.,2025-06-03 01:23:57
Numar random generat cu lcg.,2025-06-03 01:23:57
Numar random generat cu Mersenne.,2025-06-03 01:23:57
Numar random generat cu lcg.,2025-06-03 01:23:57
Numar random generat cu Mersenne.,2025-06-03 01:23:57
Numar random generat cu lcg.,2025-06-03 01:23:57
Numar random generat cu Mersenne.,2025-06-03 01:23:57
Numar random generat cu lcg.,2025-06-03 01:23:57
Numar random generat cu Mersenne.,2025-06-03 01:23:57
Licenta Windows95 generata.,2025-06-03 01:24:05
Licenta Windows NT generata.,2025-06-03 01:24:05
Licenta SimCity 2000 generata.,2025-06-03 01:24:05
Licenta Photoshop 6 generata.,2025-06-03 01:24:05
Numar random generat cu lcg.,2025-06-03 01:24:05
Numar random generat cu Mersenne.,2025-06-03 01:24:05
Numar random generat cu lcg.,2025-06-03 01:24:05
Numar random generat cu Mersenne.,2025-06-03 01:24:05
Numar random generat cu lcg.,2025-06-03 01:24:05
Numar random generat cu Mersenne.,2025-06-03 01:24:05
Numar random generat cu lcg.,2025-06-03 01:24:05
Numar random generat cu Mersenne.,2025-06-03 01:24:05
Numar random generat cu lcg.,2025-06-03 01:24:05
Numar random generat cu Mersenne.,2025-06-03 01:24:05
Licenta Windows95 generata.,2025-06-03 01:24:21
Licenta Windows NT generata.,2025-06-03 01:24:21
Licenta SimCity 2000 generata.,2025-06-03 01:24:21
Licenta Photoshop 6 generata.,2025-06-03 01:24:21
Numar random generat cu lcg.,2025-06-03 01:24:21
Numar random generat cu Mersenne.,2025-06-03 01:24:21
Numar random generat cu lcg.,2025-06-03 01:24:21
Numar random generat cu Mersenne.,2025-06-03 01:24:21
Numar random generat cu lcg.,2025-06-03 01:24:21
Numar random generat cu Mersenne.,2025-06-03 01:24:21
Numar random generat cu lcg.,2025-06-03 01:24:21
Numar random generat cu Mersenne.,2025-06-03 01:24:21
Numar random generat cu lcg.,2025-06-03 01:24:21
Numar random generat cu Mersenne.,2025-06-03 01:24:21
Licenta Windows95 generata.,2025-06-03 01:52:28
Licenta Windows NT generata.,2025-06-03 01:52:28
Licenta SimCity 2000 generata.,2025-06-03 01:52:28
Licenta Photoshop 6 generata.,2025-06-03 01:52:28
Numar random generat cu lcg.,2025-06-03 01:52:28
Numar random generat cu Mersenne.,2025-06-03 01:52:28
Numar random generat cu lcg.,2025-06-03 01:52:28
Numar random generat cu Mersenne.,2025-06-03 01:52:28
Numar random generat cu lcg.,2025-06-03 01:52:28
Numar random generat cu Mersenne.,2025-06-03 01:52:28
Numar random generat cu lcg.,2025-06-03 01:52:28
Numar random generat cu Mersenne.,2025-06-03 01:52:28
Numar random generat cu lcg.,2025-06-03 01:52:28
Numar random generat cu Mersenne.,2025-06-03 01:52:28
Licenta Windows95 generata.,2025-06-03 01:52:38
Licenta Windows NT generata.,2025-06-03 01:52:38
Licenta SimCity 2000 generata.,2025-06-03 01:52:38
Licenta Photoshop 6 generata.,2025-06-03 01:52:38
Numar random generat cu lcg.,2025-06-03 01:52:38
Numar random generat cu Mersenne.,2025-06-03 01:52:38
Numar random generat cu lcg.,2025-06-03 01:52:38
Numar random generat cu Mersenne.,2025-06-03 01:52:38
Numar random generat cu lcg.,2025-06-03 01:52:38
Numar random generat cu Mersenne.,2025-06-03 01:52:38
Numar random generat cu lcg.,2025-06-03 01:52:38
Numar random generat cu Mersenne.,2025-06-03 01:52:38
Numar random generat cu lcg.,2025-06-03 01:52:38
Numar random generat cu Mersenne.,2025-06-03 01:52:38
Licenta Windows95 generata.,2025-06-03 01:52:49
Licenta Windows NT generata.,2025-06-03 01:52:49
Licenta SimCity 2000 generata.,2025-06-03 01:52:49
Licenta Photoshop 6 generata.,2025-06-03 01:52:49
Numar random generat cu lcg.,2025-06-03 01:52:49
Numar random generat cu Mersenne.,2025-06-03 01:52:49
Numar random generat cu lcg.,2025-06-03 01:52:49
Numar random generat cu Mersenne.,2025-06-03 01:52:49
Numar random generat cu lcg.,2025-06-03 01:52:49
Numar random generat cu Mersenne.,2025-06-03 01:52:49
Numar random generat cu lcg.,2025-06-03 01:52:49
Numar random generat cu Mersenne.,2025-06-03 01:52:49
Numar random generat cu lcg.,2025-06-03 01:52:49
Numar random generat cu Mersenne.,2025-06-03 01:52:49
Licenta Windows95 generata.,2025-06-03 01:52:59
Licenta Windows NT generata.,2025-06-03 01:52:59
Licenta SimCity 2000 generata.,2025-06-03 01:52:59
Licenta Photoshop 6 generata.,2025-06-03 01:52:59
Numar random generat cu lcg.,2025-06-03 01:52:59
Numar random generat cu Mersenne.,2025-06-03 01:52:59
Numar random generat cu lcg.,2025-06-03 01:52:59
Numar random generat cu Mersenne.,2025-06-03 01:52:59
Numar random generat cu lcg.,2025-06-03 01:52:59
Numar random generat cu Mersenne.,2025-06-03 01:52:59
Numar random generat cu lcg.,2025-06-03 01:52:59
Numar random generat cu Mersenne.,2025-06-03 01:52:59
Numar random generat cu lcg.,2025-06-03 01:52:59
Numar random generat cu Mersenne.,2025-06-03 01:52:59
